Organisation;Abréviation;Spécialité;Type;Actualités;RSS;Publications ouvertes;Publications RSS;Social
Société Francophone de Tabacologie;SFT;addictologie;societe savante;http://societe-francophone-de-tabacologie.fr/actualites/;http://societe-francophone-de-tabacologie.fr/feed/;http://societe-francophone-de-tabacologie.fr/documents-sft/;No;No
Fédération française d'addictologie;FFAddictologie;addictologie;societe savante;https://www.addictologie.org/blog/;No;https://www.addictologie.org/documents/recommandations/;No;https://x.com/FFAddictologie
Alliance contre le tabac;AllTabac;addictologie;association;https://alliancecontreletabac.org/espace-presse/;https://alliancecontreletabac.org/feed/;No;No;https://x.com/FranceSANStabac
Société Française d'Alcoologie;SFA;addictologie;societe savante;https://sfalcoologie.fr;No;https://sfalcoologie.fr/recommandations-sfa/;No;https://x.com/SFAlcoologie
Alcoologie Addictologie;Alcoologie Addictologie;addictologie;revue;No;No;No;No;No
Comité National Contre le Tabagisme;CNCT;addictologie;association;https://cnct.fr/les-actualites/;https://cnct.fr/feed/?post_type=actualites;No;No;https://x.com/le_cnct
Association Nationale de Prévention en Alcoologie et Addictologie;ANPA;addictologie;association;https://www.anpaa.asso.fr/lanpaa/actualites;No;https://www.anpaa.asso.fr/sinformer/collection-reperes-pour-les-professionnels;No;https://x.com/anpaa_asso
Société Française d'Allergologie;SFA;allergologie;societe savante;https://sfa.lesallergies.fr/actualites/;https://sfa.lesallergies.fr/feed/;No;No;No
Asthme et Allergies;Asthme & Allergies;allergologie;association;https://asthme-allergies.org;https://asthme-allergies.org/feed/;https://asthme-allergies.org/professionnels-de-sante/;No;https://x.com/asthmeallergies
Société Française d'Étude et de Traitement de la Douleur;SFETD;algologie;societe savante;https://www.sfetd-douleur.org/actualites-2/;https://www.sfetd-douleur.org/feed/;https://www.sfetd-douleur.org/recos-et-referentiels/;No;https://x.com/sfetd_douleur
Association Interdisciplinaire post-Universitaire de Sexologie;AIUS;andrologie;societe savante;https://aius.fr/blog/;No;No;No;https://x.com/AIUS_fr
Société française de Dermatologie;SFDermato;dermatologie;societe savante;https://www.sfdermato.org/page-3-actualites;No;https://www.sfdermato.org/page-24-recommandations;No;https://x.com/SFDermatologie
Société Française de Dermatologie Pédiatrique;SFDP;dermatologie;societe savante;https://sfdp.org/actus.php?id=1;No;No;No;https://x.com/SDermatopedia
European academy of dermatology venerology;EADV;dermatologie;societe savante;https://eadv.org/about-eadv/latest-news-and-updates/;https://eadv.org/feed/;https://eadv.org/publications/clinical-guidelines/;No;https://x.com/eadv
European Association of Dermato-Oncology;EADO;dermatologie;societe savante;https://eado.org/news/;https://eado.org/feed/;https://eado.org/european-guidelines/;No;No
European Dermatology Forum;EDF;dermatologie;societe savante;https://www.edf.one/en/news;No;https://guidelines.edf.one//edf-guidelines-and-consensus-statements;No;https://x.com/EDFDermatology
Société Francophone du Diabète;SFD;endocrinologie;societe savante;https://www.sfdiabete.org/actualites;No;https://www.sfdiabete.org/recommandations/referentiels;No;https://x.com/sfdiabete
European Society of Endocrinology;ESE;endocrinologie;societe savante;https://www.ese-hormones.org/news/;No;https://www.ese-hormones.org/publications/guidelines/;No;https://x.com/esendocrinology
European Association for the Study of Diabetes;EASD;endocrinologie;societe savante;https://www.easd.org;No;https://www.easd.org/guidelines/statements-and-guidelines.html;No;https://x.com/EASDnews
Diabetologia;Diabetologia;endocrinologie;revue;https://diabetologia-journal.org;No;https://link.springer.com/journal/125/volumes-and-issues;https://diabetologia-journal.org/feed/;https://x.com/DiabetologiaJnl
Société Française d'Endocrinologie;SFE;endocrinologie;societe savante;https://www.sfendocrino.org;https://www.sfendocrino.org//feed;https://www.sfendocrino.org/recommandations-et-consensus/;No;https://x.com/sfendocrino
Fédération Française des Diabétiques;FFD;endocrinologie;association de patients;https://www.federationdesdiabetiques.org/federation/actualites;No;https://www.federationdesdiabetiques.org/federation/positions;No;https://x.com/FederationAFD
Aide aux Jeunes Diabétiques;AJD;endocrinologie;association;https://www.ajd-diabete.fr/actualites/;https://www.ajd-diabete.fr/feed/;No;No;https://x.com/AJDdiabete
American Diabetes Association;ADA;endocrinologie;societe savante;https://professional.diabetes.org;No;https://care.diabetesjournals.org/content/current;No;https://x.com/ADA_DiabetesPro
Association française d'Étude et de Recherche sur l'Obésité;AFERO;endocrinologie;societe savante;https://www.afero.fr;No;No;No;https://x.com/afero_obesite
European Thyroid Association;ETA;endocrinologie;societe savante;https://www.eurothyroid.com/news-list.html;No;https://www.eurothyroid.com/guidelines/eta_guidelines.html;No;https://x.com/ETA_Thyroid
Association Francophone de Chirurgie Endocrinienne;AFCE;endocrinologie;societe savante;https://afce-chirurgie-endocrinienne.com;https://afce-chirurgie-endocrinienne.com/feed/;No;No;No
European Association for the Study of Obesity;EASO;"endocrinologie;nutrition";societe savante;https://easo.org/blog/;No;https://easo.org/education/guidelines/;No;https://x.com/easoobesity
Société Française de Nutrition;SFN;"endocrinologie;diabetologie;nutrition";societe savante;https://sf-nutrition.fr;https://sf-nutrition.fr/feed/;No;No;https://x.com/SFNutrition_Fr
Société Francophone Nutrition Clinique et Métabolisme;SFNCM;"endocrinologie;nutrition";societe savante;https://www.sfncm.org;https://www.sfncm.org/?format=feed&type=rss;https://www.sfncm.org/outils-education/recommandations/referentiels;No;https://x.com/nut_clinique
European Society for Clinical Nutrition and Metabolism;ESPEN;nutrition;societe savante;https://www.espen.org;No;https://www.espen.org/guidelines-home/espen-guidelines;No;No
Société Française de Cardiologie;SFC;cardiologie;societe savante;https://sfcardio.fr/actualites;No;https://sfcardio.fr/nos-publications;No;https://x.com/sfcardio
Société Française d'Hypertension Artérielle;SFHTA;cardiologie;societe savante;https://www.sfhta.eu/les-incontournables/;https://www.sfhta.eu/feed/;https://www.sfhta.eu/recommandations-de-la-sfhta/;No;https://x.com/sfhta
Collège National des Cardiologues Français;CNCF;cardiologie;societe savante;https://www.cncf.eu/?pageID=cncf_actu_sci;No;No;No;https://x.com/CNCFCardio
European Society of Cardiology;ESC;cardiologie;societe savante;https://www.escardio.org;No;https://www.escardio.org/Guidelines/Clinical-Practice-Guidelines;No;https://x.com/escardio
European Society of Hypertension;ESH;cardiologie;societe savante;https://www.eshonline.org/;https://www.eshonline.org//feed;https://www.eshonline.org/;No;https://x.com/eshypertension
American Heart Association;AHA;cardiologie;societe savante;https://www.heart.org/en/news;No;https://professional.heart.org/en/guidelines-statements;No;https://x.com/American_Heart
American College of Cardiology;ACC;cardiologie;societe savante;https://www.acc.org/latest-in-cardiology/#sort=%40fcommonsortdate90022%20descending;https://www.acc.org/Feed/LatestCardiology?topicID=8d7f3960-0beb-4a23-b87d-661262d0bb4f;https://www.acc.org/education-and-meetings/products-and-resources/guideline-education;No;https://x.com/accintouch
International Society of Hypertension;ISH;cardiologie;societe savante;https://ish-world.com/publications-and-press-releases/;No;https://ish-world.com/ish-global-hypertension-practice-guidelines/;No;https://x.com/ishbp
Société Française Neuro-Vasculaire;SFNV;"cardiologie; neurologie";societe savante;https://www.societe-francaise-neurovasculaire.fr/actualites-sfnv;https://www.societe-francaise-neurovasculaire.fr/blog-feed.xml;https://www.societe-francaise-neurovasculaire.fr/preconisations-sfnv;No;https://x.com/la_SFNV
European Heart Journal;EHJ;cardiologie;revue;https://academic.oup.com/eurheartj;No;https://academic.oup.com/eurheartj/issue;No;https://x.com/ESC_journals
Nouvelle Société Francophone d'Athérosclérose;NSFA;cardiologie;societe savante;https://www.nsfa.asso.fr;No;https://www.nsfa.asso.fr/professionnels-cat/recommandations/;No;No
European Stroke Organisation;ESO;vasculaire;societe savante;https://eso-stroke.org;https://eso-stroke.org/feed/;;No;https://x.com/ESOstroke
Société Française de Médecine Vasculaire;SFMV;vasculaire;societe savante;https://www.portailvasculaire.fr/espace-sfmv/actualites;https://www.portailvasculaire.fr/espace-sfmv/news-rss;https://www.portailvasculaire.fr/documents/recommandations-et-standards-de-qualite;No;https://x.com/lasfmv
Société Française d'hématologie;SFH;hematologie;societe savante;https://sfh.hematologie.net/actualites;No;https://sfh.hematologie.net/professionnel/referentiels;No;https://x.com/sfhemato
Groupe Français d'études sur l'Hémostase et la Thrombose;GFHT;hematologie;societe savante;https://site.geht.org/actualites/;No;https://site.geht.org/docutheque/;https://site.geht.org/docutheque/feed/;https://x.com/GFHT_Hemostase
Société Nationale Française de Gastro-Entérologie;SNFGE;hepato-gastro-enterologie;societe savante;https://www.snfge.org/actualites;No;https://www.snfge.org/bibliotheque-scientifique;No;https://www.facebook.com/SNFGE-Soci%C3%A9t%C3%A9-Nationale-Fran%C3%A7aise-de-Gastro-Ent%C3%A9rologie-843172139124489/?fref=ts
Association Française pour l'Étude du Foie;AFEF;hepato-gastro-enterologie;societe savante;https://afef.asso.fr/actualite/;https://afef.asso.fr/feed/;https://afef.asso.fr/recommandations/recommandations-afef/;No;https://x.com/AFEFoie
Société Française d'Endoscopie Digestive;SFED;hepato-gastro-enterologie;societe savante;https://www.sfed.org/actualites;No;https://www.sfed.org/recommandations-recherche;No;https://x.com/sfed_endoscopie
European Society of Gastrointestinal Endoscopy;ESGE;hepato-gastro-enterologie;societe savante;https://www.esge.com;https://www.esge.com/feed/;https://www.esge.com/publications/guidelines/;No;https://x.com/ESGE_news
Groupe d'Études Français des Helicobacter;GEFH;hepato-gastro-enterologie;societe savante;https://www.helicobacter.fr;https://www.helicobacter.fr/feed/;https://www.helicobacter.fr/acces-aux-professionnels-de-la-sante/documents-et-telechargements/;No;No
European Society of Coloproctology;ESCP;hepato-gastro-enterologie;societe savante;https://www.escp.eu.com/news;https://www.escp.eu.com/news?format=feed&type=rss;https://www.escp.eu.com/guidelines/published-collaborative-escp-guidelines-projects;No;
European Society for Paediatric Gastroenterology, Hepatology and Nutrition;ESPGHAN;hepato-gastro-enterologie;societe savante;https://www.espghan.org/knowledge-center;No;https://www.espghan.org/knowledge-center;No;https://x.com/espghansociety
Groupe Francophone d'Hépato-Gastroentérologie et Nutrition Pédiatriques;GFHGNP;hepato-gastro-enterologie;societe savante;https://www.gfhgnp.org/category/actualites/;https://www.gfhgnp.org/category/actualites/feed/;https://www.gfhgnp.org/category/publications/;No;https://www.facebook.com/p/Gfhgnp-100082521931549/
Société Française de Chirurgie Digestive;SFCD;chirurgie digestive;societe savante;https://www.sfchirurgiedigestive.fr/actualites;No;No;No;
Société Nationale Française de Colo-Proctologie;SNFCP;hepato-gastro-enterologie;societe savante;https://www.snfcp.org/actualites;https://www.snfcp.org/feed/;https://www.snfcp.org/recommandations/;https://www.snfcp.org/recommandations/feed/;
Institut Pasteur;Pasteur;infectiologie;officiel;https://www.pasteur.fr/fr/recherche-actualites;No;https://www.pasteur.fr/fr/dossiers-jdr;No;https://x.com/institutpasteur
Société de Pathologie Infectieuse de Langue Française;No;infectiologie;societe savante;https://www.infectiologie.com;No;https://www.infectiologie.com/fr/recommandations.html;No;https://x.com/spilf_
Société Française de Parasitologie;SFP;infectiologie;societe savante;https://sfparasitologie.com;https://sfparasitologie.com//feed;No;No;https://x.com/SFParasitologie
Société de Médecine des Voyages;SMV;infectiologie;societe savante;https://www.medecine-voyages.fr;No;https://www.medecine-voyages.fr/les-articles-et-fiches-guides/;No;
Société de Pathologie Exotique;SPE;infectiologie;societe savante;;;;;
Société Française de Lutte contre le SIDA;SFLS;infectiologie;societe savante;https://sfls.fr/;No;No;No;https://x.com/sfls_vih
Société Française de Mycologie Médicale;SFMM;infectiologie;societe savante;https://sfmm-mycologie-medicale.com;https://sfmm-mycologie-medicale.com//feed;https://sfmm-mycologie-medicale.com/ouvrages-collectifs-referentiels/;No;https://x.com/sfmm_myco
British Association for Sexual Health and HIV;BASHH;infectiologie;societe savante;https://www.bashh.org/news/news/;No;https://www.bashh.org/guidelines;No;https://x.com/BASHH_UK
Institut National du Cancer;INCa;cancerologie;officiel;https://www.e-cancer.fr/Actualites-et-evenements/Actualites;https://www.e-cancer.fr/rss/feed/actualites;https://www.e-cancer.fr/Expertises-et-publications/Catalogue-des-publications;https://www.e-cancer.fr/rss/feed/cataloguedespublicationsINCa;https://x.com/Institut_cancer
Fédération Francophone de Cancérologie Digestive;FFCD;cancerologie;societe savante;https://www.ffcd.fr;No;https://www.ffcd.fr/index.php/documentation/publications;No;https://x.com/ffcd_cancerdig
Société Française du Cancer;SFC;cancerologie;societe savante;https://sfc.asso.fr/informer/consulter-nos-newsletters/;https://sfc.asso.fr/feed/;No;No;https://x.com/SFCancer75/
Le Bulletin du Cancer;Le Bulletin du Cancer;cancerologie;revue;No;No;https://sfc.asso.fr/informer/le-bulletin-du-cancer/;No;No
Société Française de Cancérologie Privée;SFCP;cancerologie;societe savante;https://www.sfcp-cancer.com/category/actualites-evenements-emplois;https://www.sfcp-cancer.com/feed;No;No;https://x.com/SFCPoCANCER
Société Française de Radiothérapie Oncologique;SFRO;cancerologie;societe savante;https://www.sfro.fr;No;https://www.sfro.fr/ressources/livrets-sfro;No;https://x.com/sfro_fr
European Association for Cancer Research;EACR;cancerologie;societe savante;No;No;https://www.eacr.org/login.php?referrer=%2Fmembers%2Findex.php;No;https://x.com/EACRnews
European Society for Medical Oncology;ESMO;cancerologie;societe savante;https://www.esmo.org/oncology-news;No;https://www.esmo.org/guidelines;No;https://x.com/myESMO
American Society of Clinical Oncology;ASCO;cancerologie;societe savante;No;No;https://aacrjournals.org/pages/hot-topics;No;https://x.com/ASCO
American Association for Cancer Research;AACR;cancerologie;societe savante;https://www.aacr.org/professionals/blog/;https://www.aacr.org/feed/rss/;https://aacrjournals.org;No;https://x.com/AACR
European Cancer Organisation;ECCO;cancerologie;societe savante;https://www.europeancancer.org/resources#news;No;No;No;https://x.com/EuropeanCancer
Agence de la Biomédecine;ABM;medecine;officiel;"https://www.agence-biomedecine.fr/Actualites;10";https://www.agence-biomedecine.fr/./?page=backend;https://www.agence-biomedecine.fr/Rapports-publies-par-l-Agence;No;https://x.com/ag_biomedecine
Conseil National de l'Ordre des Médecins;CNOM;medecine;officiel;https://www.conseil-national.medecin.fr/publications?filters%5Border%5D=score&filters%5Bclassifications%5D%5B19%5D=19&filters%5Bclassifications%5D%5B28%5D=28&filters%5Bclassifications%5D%5B21%5D=21&filters%5Bclassifications%5D%5B20%5D=20&filters%5Bclassifications%5D%5B25%5D=25&filters%5Bclassifications%5D%5B32%5D=32&filters%5Bclassifications%5D%5B26%5D=26&filters%5Bclassifications%5D%5B22%5D=22&filters%5Bclassifications%5D%5B24%5D=24&filters%5Bclassifications%5D%5B29%5D=29&filters%5Bclassifications%5D%5B23%5D=23;https://www.conseil-national.medecin.fr/rss.xml;https://www.conseil-national.medecin.fr/medecin;No;https://x.com/ordre_medecins
Académie Nationale de Médecine;Acad. médecine;medecine;officiel;https://www.academie-medecine.fr/category/travaux-et-publications/actualites/;https://www.academie-medecine.fr/category/travaux-et-publications/actualites/feed/;https://www.academie-medecine.fr/category/travaux-et-publications/position/;No;https://x.com/acadmed
Inspection Générale des Affaires Sociales;IGAS;medecine;officiel;https://www.igas.gouv.fr;No;https://igas.gouv.fr/nos-rapports/sante;No;No
Direction Générale de la Santé;DGS;médecine;officiel;https://sante.gouv.fr/professionnels/article/dgs-urgent;No;No;No;No
Ministère des Solidarités et de la Santé;Min. Santé;medecine;officiel;https://solidarites-sante.gouv.fr/actualites/?max_articles=48;https://www.sante.gouv.fr/spip.php?page=backend;https://drees.solidarites-sante.gouv.fr/etudes-et-statistiques/publications/;No;https://x.com/MinSoliSante
Haute Autorité de Santé;HAS;medecine;officiel;https://www.has-sante.fr/jcms/fc_2874902/fr/actualites;https://www.has-sante.fr/feed/Rss2.jsp?id=p_3081656;https://www.has-sante.fr/jcms/fc_2875208/fr/rechercher-une-recommandation-un-avis;https://www.has-sante.fr/feed/Rss2.jsp?id=p_3081452;https://x.com/HAS_sante
Haut Conseil de la Santé Publique;HCSP;medecine;officiel;https://www.hcsp.fr/explore.cgi/Accueil;No;https://www.hcsp.fr/Explore.cgi/AvisRapports;No;https://x.com/hcsp_fr
Institut national de la santé et de la recherche médicale;Inserm;medecine;officiel;https://www.inserm.fr/actualites-et-evenements/actualites;https://www.inserm.fr/rss/feed/actualites-recherche;https://www.inserm.fr/information-en-sante/rapports-thematiques;No;https://x.com/Inserm
Assistance Publique des Hôpitaux de Paris;APHP;medecine;officiel;https://www.aphp.fr/ressources-presse;No;No;No;https://x.com/APHP
Agence Nationale de Sécurité du Médicament et des produits de santé;ANSM;medecine;officiel;https://ansm.sante.fr/actualites/a-la-une;http://createfeed.fivefilters.org/extract.php?url=https%3A%2F%2Fansm.sante.fr%2F&in_id_or_class=list&url_contains=;https://ansm.sante.fr/documents/reference/;No;https://x.com/ansm
Office National d'Indemnisation des victimes d'Accidents Médicaux;ONIAM;médecine;officiel;No;No;No;No;No
Assurance Maladie;Ameli;médecine;officiel;https://www.ameli.fr/paris/assure/actualites;No;https://www.ameli.fr/assure/sante/themes/a;No;https://x.com/ameli_actu
Assurance Maladie pour les médecins;Ameli médecins;médecine;officiel;https://www.ameli.fr/paris/medecin/actualites;No;https://www.ameli.fr/paris/medecin/sante-prevention;No;No
Société Française de Santé au Travail;SFST;médecine;societe savante;https://societefrancaisedesanteautravail.fr;No;https://societefrancaisedesanteautravail.fr/page-33/recommandations-de-la-sfst;No;No
Société nationale Française de Médecine Interne;SNFMI;médecine interne;societe savante;https://www.snfmi.org;No;https://www.snfmi.org/content/recommandations;No;No
La Revue de Médecine Interne;RevMedInterne;médecine interne;revue;https://www.em-consulte.com/revue/revmed;No;No;No;https://x.com/RevMedInterne
Collège National des Gynécologues et Obstétriciens Français;CNGOF;gynecologie;societe savante;https://cngof.fr;https://cngof.fr//feed;https://cngof.fr/rpc/;No;https://x.com/leCNGOF
Société Française de Gynécologie;SFG;gynecologie;societe savante;https://www.sf-gynecologie.fr/?page_id=1785;No;No;No;No
Société de Chirurgie Gynécologique et Pelvienne;SCGP;gynecologie;societe savante;https://www.scgp-asso.fr/actualites/;https://www.scgp-asso.fr/feed/;No;No;https://x.com/scgp_officiel
Société Française d'Oncologie Gynécologique;SFOG;"gynecologie; cancerologie";societe savante;https://sfog.fr/actualites/;https://sfog.fr/feed/;No;No;No
Le Centre de Référence sur les Agents Tératogènes;Le CRAT;gynecologie;officiel;https://www.lecrat.fr/actualites/;https://www.lecrat.fr/feed/;http://www.lecrat.fr/;https://www.lecrat.fr/feed/;No
Groupe d'Étude sur la Ménopause et le Vieillissement Hormonal;GEMVI;gynecologie;societe savante;http://gemvi.org/actualite/;http://gemvi.org/feed/;http://gemvi.org/mise-au-point/;No;No
American College of Obstetricians and Gynecologists;ACOG;gynecologie;societe savante;https://www.acog.org/news;No;https://www.acog.org/-/media/project/acog/acogorg/clinical/list-of-titles/combined-list-of-titles.pdf;No;https://x.com/acog
European Society of Gynecology;ESG;gynecologie;societe savante;https://www.esgynecology.org/news/;https://www.esgynecology.org/feed/;No;No;No
Société Française de Colposcopie et de Pathologie Cervico-Vaginale;SFCPCV;gynecologie;societe savante;https://www.societe-colposcopie.com;No;https://www.societe-colposcopie.com/professionnels-de-sante/recommandations;No;https://x.com/sfcpcv
World Federation of Neurology;WFN;neurologie;societe savante;https://wfneurology.org/wfn-news;https://wfneurology.org/wfn-news?method_call=showRSS;https://wfneurology.org/publications;No;https://x.com/wfneurology
American Academy of Neurology;AAN;neurologie;societe savante;https://www.aan.com/;No;https://www.aan.com/practice/guidelines;No;https://x.com/AANMember
European Academy of Neurology;EAN;neurologie;societe savante;https://www.eanpages.org/category/general_interest/ean-news/;https://www.eanpages.org/feed/;https://www.eanpages.org/category/academic_scientific/scientific_panels_report/;no;https://x.com/EANeurology
Société Française de Neurologie;SFN;neurologie;societe savante;https://www.sf-neuro.org/actualites;No;https://www.sf-neuro.org/acces-direct-aux-specialites;No;No
Association des Neurologues Libéraux de Langue Française;ANLLF;neurologie;societe savante;http://anllf.org;No;http://anllf.org;No;https://www.facebook.com/ANLLF
Société de Neurophysiologie Clinique de Langue Française;SNCLF;neurologie;societe savante;https://www.snclf.net/;https://www.snclf.net/feed/;No;No;No
International Headache Society;IHS;neurologie;societe savante;http://www.ihs-headache.org/news.php?newsId=2;No;http://www.ihs-headache.org/ichd-guidelines;No;https://x.com/ihs_official
Société Française d'Études des Migraines et Céphalées;SFEMC;neurologie;societe savante;https://sfemc.fr;No;https://sfemc.fr/recommandations.html;No;No
Société Française de Neurochirurgie;SFNC;neurologie;societe savante;https://www.sfneurochirurgie.fr/fr/actus/;No;No;No;https://x.com/infos_sfnc
Société Française de Neuroradiologie;SFNRadio;radiologie;societe savante;https://www.sfnr.net/actualit%C3%A9s;No;http://mediatheque.sfnr.net/mediatheque/media.aspx?channel=14729;No;https://x.com/SFNRadio
Société Française de Médecine Nucléaire et imagerie moléculaire;SFMN;radiologie;societe savante;https://www.cnp-mn.fr/sfmn-accueil/;https://www.cnp-mn.fr/feed/;https://www.cnp-mn.fr/recommandations-de-bonnes-pratique-et-guides-has/;No;https://x.com/undsgndotcom
Société Française d'ORL et de chirurgie de la face et du cou;SFORL;orl;societe savante;https://www.sforl.org/actualites/;No;https://www.sforl.org/production-scientifique/;No;https://x.com/twittorl
Collège Français des enseignants Oto-Rhino-Laryngologie et Chirurgie Cervico-Faciale;Collège Français ORL et CCF;orl;societe savante;https://campusorl.fr/le-college/actualites/;https://campusorl.fr/feed/;No;No;https://x.com/OrlCcf
American Urological Association;AUA;urologie;societe savante;https://www.auanet.org;No;https://www.auanet.org/guidelines;No;https://x.com/AmerUrological
European Association of Urology;EAU;urologie;societe savante;https://uroweb.org/news;No;https://uroweb.org/guidelines/;No;https://x.com/Uroweb
Association Française d'Urologie;AFU;urologie;societe savante;https://www.urofrance.org/actualites;No;https://www.urofrance.org/outils-et-recommandations/recommandations/recommandations-afu/classees-par-annee.html;No;https://x.com/afurologie
Société d'Andrologie de Langue Française;SALF;andrologie;societe savante;https://www.salf.fr;https://www.salf.fr/feed/;No;No;https://www.facebook.com/SALFpage/
Association Française des Urologues en Formation;AFUF;urologie;association;https://afuf.fr;No;No;No;https://x.com/afufuro
Société Francophone de Néphrologie Dialyse et Transplantation;SFNDT;néphrologie;societe savante;https://www.sfndt.org/actualites;https://www.sfndt.org/actualites/feed;https://www.sfndt.org/professionnels/recommandations;No;https://x.com/com_SFNDT
International Society for Peritoneal Dialysis;ISPD;néphrologie;societe savante;https://ispd.org/category/whats-new/;https://ispd.org/feed/;https://ispd.org/guidelines/;No;https://x.com/pdiconnect
European Renal Association - European Dialysis and Transplant Association;ERA-EDTA;néphrologie;societe savante;https://www.era-online.org;No;https://www.era-online.org/publications/;No;https://x.com/ERAkidney/
Kidney Disease Improving Global Outcomes;KDIGO;néphrologie;societe savante;https://kdigo.org/category/news/;https://kdigo.org/category/news//feed;https://kdigo.org/guidelines/;No;https://x.com/gokdigo
Société Française d'Ophtalmologie;SFO;ophtalmologie;societe savante;https://www.sfo-online.fr/actualites;No;https://www.sfo-online.fr;No;No
Société Française de Chirurgie Orthopédique et Traumatologique;SOFCOT;orthopedie;societe savante;https://www.sofcot.fr/actualites;No;https://www.sofcot.fr/mediatheque/recherche-avancee;No;https://x.com/sofcot_ortho
American Academy of Orthopaedic Surgeons;AAOS;orthopedie;societe savante;https://www.aaos.org/;No;https://www.aaos.org/quality/quality-programs/clinical-practice-guidelines/;No;https://x.com/aaos1
Société Française et Francophone des Plaies et Cicatrisations;SFFPC;dermatologie;societe savante;https://www.sffpc.org/news;https://www.sffpc.org/news?format=feed&type=rss;No;No;No
Société Française de Gériatrie et Gérontologie;SFGG;geriatrie;societe savante;https://sfgg.org/actualites/;https://sfgg.org/actualites//feed;https://sfgg.org/recommandations/;No;https://x.com/lasfgg
Société Française de Pédiatrie;SFP;pediatrie;societe savante;https://www.sfpediatrie.com/la-sfp/actualites;No;https://www.sfpediatrie.com/ressources/recommandations;No;No
Association Française de Pédiatrie Ambulatoire;AFPA;pediatrie;societe savante;https://afpa.org/actualites/;No;https://afpa.org/nos-outils/recommandations/;No;https://x.com/pediatresafpa
Société Française de Neurologie Pédiatrique;SFNP;neurologie;societe savante;https://www.sfneuroped.fr/actualites/;https://www.sfneuroped.fr/feed/;No;No;No
Société Française de Néonatalogie;SFNéonatalogie;pediatrie;societe savante;https://www.societe-francaise-neonatalogie.com/alertes-et-avis;No;https://www.societe-francaise-neonatalogie.com/recommandations;No;https://x.com/SFneonatalogie
Société de Pneumologie de Langue Française;SPLF;pneumologie;societe savante;http://splf.fr;http://splf.fr/feed/;http://splf.fr/documents/les-recommandations-splf/;No;No
Fédération Française de Pneumologie;FFP;pneumologie;societe savante;http://www.ffpneumologie.org/actualites/;http://www.ffpneumologie.org/feed/;http://www.ffpneumologie.org/documents/;No;No
European Respiratory Society;ERS;pneumologie;societe savante;https://www.ersnet.org/news-and-features/;No;https://www.ers-education.org/guidelines/;No;https://x.com/ERSpublications
American Thoracic Society;ATS;pneumologie;societe savante;https://news.thoracic.org;No;https://www.thoracic.org/statements/index.php;No;https://x.com/atscommunity
Société Pédiatrique de Pneumologie et Allergologie;SP2A;pneumologie;societe savante;https://www.sp2a.fr/actualites/;No;https://www.sp2a.fr/documentation/;No;No
Global Initiative For Asthma;GINA;pneumologie;societe savante;https://ginasthma.org/news/;https://ginasthma.org/feed/;https://ginasthma.org/gina-reports/;No;https://x.com/ginasthma
Global Initiative For Chronic Obstructive Lung Disease;GOLD;pneumologie;societe savante;https://goldcopd.org/news/;https://goldcopd.org/feed/;https://goldcopd.org/2023-gold-report-2/;No;https://x.com/GOLD_COPD
European Psychiatric Association;EPA;psychiatrie;societe savante;https://www.europsy.net/news/;https://www.europsy.net/news//feed;https://www.europsy.net/guidance-papers/;No;https://www.facebook.com/europsy/
Fédération française de psychiatrie;fedepsy;psychiatrie;federation;https://fedepsychiatrie.fr;https://fedepsychiatrie.fr/feed/;No;No;https://x.com/FPsychiatrie
Société Française de Psychiatrie de l'Enfant et de l'Adolescent et Disciplines Associées;SFPEADA;psychiatrie;societe savante;https://sfpeada.fr;https://sfpeada.fr//feed;https://sfpeada.fr//feed;No;No
Société Française de Rhumatologie;SFR;rhumatologie;societe savante;https://sfr.larhumatologie.fr/actualites;No;https://sfr.larhumatologie.fr/formations-ressources/recommandations;No;No
Collège Français des Enseignants en Rhumatologie;COFER;rhumatologie;societe savante;http://www.lecofer.org/actualites.php;No;http://www.lecofer.org/3eme-cycle.php;No;No
European League Against Rheumatism;EULAR;rhumatologie;societe savante;https://www.eular.org;No;https://www.eular.org/recommendations-management;No;https://x.com/eular_org
American College of Rheumatology;ACR;rhumatologie;societe savante;https://www.rheumatology.org/About-Us/Newsroom/Press-Releases;No;https://www.rheumatology.org/Practice-Quality/Clinical-Support/Clinical-Practice-Guidelines;No;https://x.com/ACRheum
Groupe de Recherche et d'Information sur les Ostéoporoses;GRIO;rhumatologie;societe savante;https://www.grio.org/membres/actualites-professionnelles.php;No;https://www.grio.org/membres/avis-du-grio.php;No;https://x.com/GrioOsteoporose
International Osteoporosis Foundation;IOF;rhumatologie;societe savante;https://www.osteoporosis.foundation/news;No;https://www.osteoporosis.foundation/health-professionals/diagnosis;No;https://x.com/iofbonehealth
Association Française de Lutte Antirhumatismale;AFLAR;rhumatologie;association;https://www.aflar.org/category/actualites/;https://www.aflar.org/feed/;https://www.aflar.org/category/mediatheque/doc-pro-de-sante/;No;https://x.com/asso_aflar
Association Française de Psychiatrie Biologique et de Neuropsychopharmacologie;AFPBN;psychiatrie;societe savante;https://www.afpbn.org/category/actus/;https://www.afpbn.org/feed/;No;No;https://x.com/afpbn?ref_src=twsrc%5Egoogle%7Ctwcamp%5Eserp%7Ctwgr%5Eauthor
American Academy of Sleep Medicine;AASM;sommeil;societe savante;https://aasm.org/blog/;https://aasm.org/feed/;https://aasm.org/clinical-resources/practice-standards/practice-guidelines/;No;https://x.com/aasmorg
Société Française de Recherche et Médecine du Sommeil;SFRMS;sommeil;societe savante;https://www.sfrms-sommeil.org/recherches/;https://www.sfrms-sommeil.org/feed/;http://www.sfrms.org;No;https://x.com/sfrms
Sleep Research Society;SRS;sommeil;societe savante;https://www.sleepresearchsociety.org/publications/srs-update-news/;https://www.sleepresearchsociety.org/feed/;No;No;https://x.com/ResearchSleep
Société Française de Pharmacologie et de Thérapeutique;SFPT;therapeutique;societe savante;https://sfpt-fr.org;No;https://sfpt-fr.org;No;https://x.com/sfpt_fr
Collège National des Généralistes Enseignants;CNGE;medecine generale;societe savante;https://www.cnge.fr;No;No;No;https://x.com/cnge_france
Collège de la Médecine Générale;CMG;medecine generale;societe savante;http://lecmg.fr/actualites/;https://lecmg.fr/feed/;https://lecmg.fr/productions-du-cmg/;No;https://x.com/lecollegemg
Société Française de Médecine Générale;SFMG;medecine generale;societe savante;http://www.sfmg.org/actualites/;No;http://www.sfmg.org/publications/les_publications/;No;https://x.com/sfmg_org
Société Française de Santé Publique;SFSP;sante publique;societe savante;https://www.sfsp.fr/suivre-l-actualite/les-actualites-generales-de-la-sante-publique/les-dernieres-actualites;https://www.sfsp.fr/suivre-l-actualite/les-actualites-generales-de-la-sante-publique/les-dernieres-actualites?format=feed&type=rss;https://www.sfsp.fr/connaitre-la-sfsp/nos-prises-de-position/nos-contributions;No;https://x.com/SFSPasso
Fédération Nationale d'Éducation et de promotion de la Santé;FNES;sante publique;association;https://www.fnes.fr/category/actualites-generales;https://www.fnes.fr/feed;https://www.fnes.fr/ressources-documentaires;No;https://x.com/Fnes_Ireps
Santé Publique France;SantépubliqueFrance;sante publique;officiel;https://www.santepubliquefrance.fr/les-actualites?max_per_page=24;https://www.santepubliquefrance.fr/rss/actualites.xml?1625847935;https://www.santepubliquefrance.fr/publications;No;https://x.com/santeprevention
European Society of Intensive Care Medicine;ESICM;"anesthesie; reanimation";societe savante;https://www.esicm.org;https://www.esicm.org//feed;https://www.esicm.org/resources/guidelines-consensus-statements/;No;https://x.com/esicm
Société Française d'Anesthésie et de Réanimation;SFAR;"anesthesie; reanimation; urgence";societe savante;https://sfar.org;https://sfar.org/feed/;https://sfar.org/espace-professionel-anesthesiste-reanimateur/referentiels/;No;https://x.com/SFAR_ORG
Société de Réanimation de Langue Française;SRLF;"anesthesie; reanimation; urgence";societe savante;https://www.srlf.org/accueil;No;https://www.srlf.org/recommandations-referentiels-epp;No;https://x.com/La_SRLF
Collège Français des Anesthésistes-Réanimateurs;CFAR;"anesthesie; reanimation; urgence";societe savante;https://cfar.org/actualites/;https://cfar.org/feed/;https://cfar.org/formations/;No;No
Collège National des Enseignants d'Anesthésie et de Réanimation;CNEAR;"anesthesie; reanimation";societe savante;https://www.cnear.fr;https://www.cnear.fr/blog-feed.xml;https://www.cnear.fr;No;No
European Society of Anaesthesiology;ESA;"anesthesie; reanimation";societe savante;https://www.esaic.org;No;https://www.esaic.org/guidelines/?c=published-guidelines;No;https://x.com/ESAIC_org
European Resuscitation Council;ERC;"anesthesie; reanimation";societe savante;https://cprguidelines.eu/;No;https://cprguidelines.eu/;No;https://x.com/ERC_resus
Société Française de Médecine d'Urgence;SFMU;urgence;societe savante;https://www.sfmu.org/fr/actualites/actualites-de-la-sfmu/;https://www.sfmu.org/actualites/actualites-de-la-sfmu?rss;https://www.sfmu.org/fr/publications/recommandations-de-la-sfmu/;https://www.sfmu.org/vie-professionnelle/outils-professionnels/consensus?rss&tpl=rss-concensus;https://x.com/SFMU_MS
Association Française pour l'Information Scientifique;AFIS;sciences;societe savante;https://www.afis.org;https://afis.org/rss.xml;https://www.afis.org/-La-revue-Science-et-pseudo-sciences-;No;https://x.com/afis_science/
Agence du Numérique en Santé;ANS;esante;officiel;https://esante.gouv.fr/actualites;https://esante.gouv.fr/rss.xml;https://esante.gouv.fr/profession-liberale;No;https://x.com/esante_gouv_fr
Agence Nationale d'Appuis à la Performance;ANAP;esante;officiel;https://www.anap.fr/s/toutes-les-actualites;No;https://www.anap.fr/s/publications-et-outils;No;https://x.com/anap_sante
European Federation for Medical Informatics;EFMI;esante;societe savante;https://efmi.org/category/blog/;https://efmi.org/category/blog/feed/;No;No;https://x.com/EFMI
TICSanté;TICsanté;esante;media;https://www.ticsante.com/home.php;No;No;No;https://x.com/ticsante
TICPharma;TicPharma;esante;media;No;No;No;No;https://x.com/TICpharma
Le blog de Buzz Médecin;Buzz Médecin;esante;media;https://comparatif-logiciels-medicaux.fr/actualite/;https://comparatif-logiciels-medicaux.fr/actualite/feed;https://comparatif-logiciels-medicaux.fr;No;https://x.com/mfdepange
Groupement d'intérêt économique SESAM-Vitale;SESAM-Vitale;esante;officiel;https://www.sesam-vitale.fr/web/sesam-vitale/actualites;https://www.sesam-vitale.fr/web/sesam-vitale/actualites/-/blogs/rss;https://www.sesam-vitale.fr/web/sesam-vitale/etudes-de-marche;No;https://x.com/GIE_SESAMVitale
PHAST;PHAST;esante;industriel;https://www.phast.fr/actualites/;https://www.phast.fr/feed/;No;No;https://x.com/reseauphast
Rédaction Médicale et Scientifique;Rédaction Médicale et Scientifique;medecine;media;https://www.redactionmedicale.fr;https://www.redactionmedicale.fr/rss.xml;No;No;No
Le Quotidien du Médecin;Quotidien;medecine;media;https://www.lequotidiendumedecin.fr;No;No;No;https://x.com/leQdM
Fédération des Médecins de France;FMF;medecine;syndicat;https://www.fmfpro.org;https://www.fmfpro.org/feed/;https://www.fmfpro.org/boite-a-outils/aide-a-la-consultation/;No;https://x.com/fmfofficiel
Confédération des Syndicats Médicaux Français;CSMF;medecine;syndicat;http://www.csmf.org;No;;;https://x.com/CSMF_officiel
MG France;MG France;medecine;syndicat;https://www.mgfrance.org;https://www.mgfrance.org/?format=feed&type=rss;https://www.mgfrance.org/cabinet;No;https://x.com/MG_France
Le Syndicat des Médecins Libéraux;SML;medecine;syndicat;https://www.lesml.org/fr/216-les-articles-du-sml.php;No;http://www.lesml.org/fr/59-modeles-contrats-scm-sci-scp-etc.php;No;https://x.com/LE_SML
